1.625252813100814819e-01,-5.421866104006767273e-02,2.580633573234081268e-02,1.526830643415451050e-01,1.704556681215763092e-02,-3.465731814503669739e-02,-2.613501250743865967e-01,1.632865369319915771e-01,-1.765916347503662109e-01,1.694055050611495972e-01,2.382641136646270752e-01,3.560030460357666016e-02,2.641722857952117920e-01,1.806433200836181641e-01,-2.100822515785694122e-02,-9.373183548450469971e-02,-2.742689251899719238e-01,2.194038480520248413e-01,1.973152160644531250e-01,1.298561990261077881e-01,-2.063900232315063477e-01,6.458558887243270874e-02,1.559236347675323486e-01,2.009938061237335205e-01,9.101808071136474609e-02,7.182935625314712524e-02,1.932505965232849121e-01,3.529626503586769104e-02,-4.654335230588912964e-02,-3.124823272228240967e-01,7.294747978448867798e-02,3.205133229494094849e-02,7.960031740367412567e-03,2.485910663381218910e-03,-2.446129173040390015e-02
2.476024776697158813e-01,8.859381778165698051e-04,-2.656970620155334473e-01,1.039141714572906494e-01,-1.079402789473533630e-01,2.468749582767486572e-01,-1.828462630510330200e-02,-2.595073310658335686e-04,2.725843712687492371e-02,2.114127129316329956e-01,7.388784736394882202e-02,-1.040372252464294434e-01,-2.645207643508911133e-01,-7.089566439390182495e-02,7.427946478128433228e-02,1.364428848028182983e-01,-8.182821795344352722e-03,1.761682778596878052e-01,-1.500870138406753540e-01,1.388479024171829224e-01,1.508443057537078857e-01,1.731577664613723755e-01,-2.870879173278808594e-01,-6.775017082691192627e-02,-3.303880989551544189e-01,2.175508588552474976e-01,3.974597156047821045e-02,2.049451321363449097e-01,1.601146757602691650e-01,-2.636539340019226074e-01,-2.299574315547943115e-01,1.893401145935058594e-01,-9.740447998046875000e-02,-1.669466346502304077e-01,-2.980934679508209229e-01
-4.714641720056533813e-02,-2.288750410079956055e-01,1.797046214342117310e-01,9.634242206811904907e-02,1.367340236902236938e-01,3.365499898791313171e-02,-1.543055921792984009e-01,1.725784987211227417e-01,-2.911865711212158203e-01,7.118297368288040161e-02,2.760051786899566650e-01,-1.852192282676696777e-01,-2.052887529134750366e-01,-1.315186768770217896e-01,-2.273513823747634888e-01,1.072054132819175720e-01,-4.630175232887268066e-02,-2.255943268537521362e-01,-3.289105296134948730e-01,7.305426895618438721e-02,-1.232921555638313293e-01,-3.458970487117767334e-01,2.388538271188735962e-01,-1.859214752912521362e-01,-1.618224233388900757e-01,-8.021183311939239502e-02,-1.371515542268753052e-02,9.433787316083908081e-02,-1.757410354912281036e-02,2.123052179813385010e-01,-1.604584157466888428e-01,-2.359276562929153442e-01,-1.598523706197738647e-01,1.585230827331542969e-01,5.666363611817359924e-02
7.803089171648025513e-02,-1.904881745576858521e-01,-8.036825060844421387e-02,-4.633069410920143127e-02,1.838712096214294434e-01,-1.783990114927291870e-01,-7.590760290622711182e-02,-3.266304731369018555e-01,-1.962878406047821045e-01,3.263797163963317871e-01,3.363963365554809570e-01,-1.207808405160903931e-01,8.573626726865768433e-02,-1.165986433625221252e-01,1.699437350034713745e-01,8.138119429349899292e-02,3.393069505691528320e-01,-1.769768297672271729e-01,-2.484153062105178833e-01,-1.823880970478057861e-01,4.277261719107627869e-02,1.214031651616096497e-01,2.000808566808700562e-01,2.358589172363281250e-01,4.356320947408676147e-03,1.150221470743417740e-02,8.948121964931488037e-02,-2.122492194175720215e-01,-5.130201950669288635e-02,1.283874660730361938e-01,1.849948614835739136e-01,-1.995211541652679443e-01,1.772753000259399414e-01,-2.965236306190490723e-01,1.940282285213470459e-01
4.457801207900047302e-02,-1.157596185803413391e-01,-1.284673362970352173e-01,1.471924781799316406e-01,-1.178783848881721497e-01,-2.174501419067382812e-01,-3.079751133918762207e-01,-1.023461595177650452e-01,-1.425936724990606308e-02,-7.456454634666442871e-02,1.195059940218925476e-01,-2.923766076564788818e-01,-1.685054153203964233e-01,1.942327804863452911e-02,-1.261271536350250244e-01,-1.392643004655838013e-01,-1.490532308816909790e-01,2.518704533576965332e-01,1.352483928203582764e-01,1.162174791097640991e-01,4.802165180444717407e-02,-2.016986012458801270e-01,2.599069476127624512e-01,1.694156378507614136e-01,-9.623400866985321045e-02,2.807550132274627686e-02,1.383123844861984253e-01,-1.348285228013992310e-01,5.466501787304878235e-02,1.683124154806137085e-01,-9.745997190475463867e-02,-9.228853159584105015e-04,-5.799826234579086304e-02,2.559891715645790100e-02,1.524533331394195557e-01
2.936135828495025635e-01,-2.622748017311096191e-01,1.358957737684249878e-01,-8.904302865266799927e-02,-1.619531810283660889e-01,8.091977983713150024e-02,4.119515791535377502e-02,2.282961606979370117e-01,-1.509108394384384155e-01,-6.319262087345123291e-02,1.283743530511856079e-01,-2.039607465267181396e-01,1.947572827339172363e-01,2.204291708767414093e-02,6.562320142984390259e-02,-2.741879224777221680e-01,-3.256998956203460693e-02,-6.834138929843902588e-02,-1.333516687154769897e-01,-1.287272572517395020e-01,-5.295262113213539124e-02,8.377424441277980804e-03,-1.015664264559745789e-01,-2.167552411556243896e-01,1.610911637544631958e-01,-1.083771288394927979e-01,-2.577292919158935547e-01,-1.030525192618370056e-01,9.813182055950164795e-02,-1.051892340183258057e-01,-2.781823277473449707e-01,-1.035338342189788818e-01,1.289902329444885254e-01,-1.544588357210159302e-01,-1.130164861679077148e-01
4.834520071744918823e-02,-2.303762137889862061e-01,-1.884173303842544556e-01,-2.864723503589630127e-01,-2.491178736090660095e-02,8.771937340497970581e-02,-1.422963142395019531e-01,-1.666035950183868408e-01,2.383324354887008667e-01,-8.103786408901214600e-02,2.430366575717926025e-01,-1.459022052586078644e-02,-3.339237868785858154e-01,1.639479547739028931e-01,-2.101491689682006836e-01,-4.237128794193267822e-02,-4.643083736300468445e-02,3.088469430804252625e-02,-1.413943767547607422e-01,9.849959611892700195e-02,2.021408379077911377e-01,2.323975116014480591e-01,2.534647285938262939e-01,-6.262268871068954468e-02,2.305259406566619873e-01,7.192788273096084595e-02,2.800375968217849731e-02,9.767372906208038330e-02,-1.292048096656799316e-01,-3.257414400577545166e-01,1.627973169088363647e-01,8.838289231061935425e-02,1.825889497995376587e-01,-7.462219148874282837e-02,-4.936138913035392761e-02
1.653434634208679199e-01,-1.705848574638366699e-01,2.539125382900238037e-01,-4.308132082223892212e-02,-2.239634990692138672e-01,1.920768916606903076e-01,2.785685658454895020e-01,1.421200484037399292e-01,-7.314394228160381317e-03,-1.068286132067441940e-02,-1.743514090776443481e-01,-2.780952751636505127e-01,-2.376690357923507690e-01,-2.102056890726089478e-01,-7.715871930122375488e-02,1.452015936374664307e-01,-1.366996914148330688e-01,-6.592244654893875122e-02,5.789639428257942200e-02,4.859059303998947144e-02,-1.904402524232864380e-01,1.082311347126960754e-01,1.305393576622009277e-01,2.135664224624633789e-01,-2.380284480750560760e-02,-1.415488421916961670e-01,-9.092676639556884766e-02,1.954906731843948364e-01,-6.264820694923400879e-02,1.527570635080337524e-01,-1.539909839630126953e-01,8.969391696155071259e-03,1.975231170654296875e-01,2.505702078342437744e-01,-1.463627964258193970e-01
2.462711781263351440e-01,7.000888139009475708e-02,-1.931109726428985596e-01,1.107090413570404053e-01,7.830411195755004883e-02,3.352781757712364197e-02,-1.919742375612258911e-01,-1.901897341012954712e-01,-1.213885098695755005e-01,-1.000772714614868164e-01,1.060953512787818909e-01,-2.892733812332153320e-01,-1.572226136922836304e-01,-1.123447343707084656e-01,-1.451483815908432007e-01,2.098708003759384155e-01,2.788046598434448242e-01,-1.432860549539327621e-02,4.098819941282272339e-02,1.020160317420959473e-01,-5.003783386200666428e-03,-2.226718515157699585e-01,1.527898460626602173e-01,1.167474687099456787e-01,-2.115166634321212769e-01,-1.036712005734443665e-01,-2.113019526004791260e-01,-1.112027764320373535e-01,-5.294585973024368286e-02,-5.470447707921266556e-03,-2.192065864801406860e-01,-2.099298089742660522e-01,1.262069791555404663e-01,-2.654431387782096863e-03,-1.695363372564315796e-01
1.284993588924407959e-01,1.968786269426345825e-01,2.765837013721466064e-01,2.318285778164863586e-02,-1.126654297113418579e-01,-2.386008575558662415e-02,2.025025039911270142e-01,1.048749089241027832e-01,2.674243450164794922e-01,1.778537034988403320e-01,2.028093636035919189e-01,-1.501412242650985718e-01,-1.213151738047599792e-01,6.191314384341239929e-02,8.936307579278945923e-02,2.886575460433959961e-01,1.143869105726480484e-02,-1.830150932073593140e-01,1.195878684520721436e-01,7.106709480285644531e-02,-3.593401610851287842e-02,-2.342895269393920898e-01,-8.895038813352584839e-02,-1.567870974540710449e-01,-3.590504825115203857e-02,1.384671777486801147e-01,-9.436956048011779785e-02,-1.618962287902832031e-01,2.067163437604904175e-01,-1.991440057754516602e-01,-2.204538732767105103e-01,-2.384230960160493851e-03,1.173205450177192688e-01,-3.588338568806648254e-02,1.990259885787963867e-01
-2.419245541095733643e-01,-2.196052223443984985e-01,1.686241179704666138e-01,6.204472482204437256e-02,1.927298456430435181e-01,8.665045350790023804e-02,-1.886276602745056152e-01,-1.561938226222991943e-01,1.572434455156326294e-01,1.646271497011184692e-01,-1.837155818939208984e-01,4.236647859215736389e-02,2.414920181035995483e-01,1.323259025812149048e-01,8.069179207086563110e-02,1.234364509582519531e-01,1.747979409992694855e-02,1.082368940114974976e-01,1.917706429958343506e-02,-1.067803949117660522e-01,3.554698824882507324e-02,-2.649348080158233643e-01,-2.606540024280548096e-01,9.909360855817794800e-02,1.395517028868198395e-02,-1.147847771644592285e-01,1.397536396980285645e-01,-1.644515097141265869e-01,-2.588841915130615234e-01,-1.317323297262191772e-01,-2.569962143898010254e-01,-1.306944489479064941e-01,2.643426321446895599e-02,-2.751987576484680176e-01,-1.201664730906486511e-01
-9.662181884050369263e-02,-7.366113364696502686e-02,-1.345089524984359741e-01,2.049480676651000977e-01,1.433591395616531372e-01,-2.014021724462509155e-01,1.851018071174621582e-01,-5.939316377043724060e-02,2.506098747253417969e-01,2.413559108972549438e-01,-1.245522722601890564e-01,-1.837337762117385864e-01,-1.533872634172439575e-01,-2.732802331447601318e-01,-1.332190930843353271e-01,-1.024550050497055054e-01,-1.563313184306025505e-03,6.201777979731559753e-02,-1.706188358366489410e-02,1.571659147739410400e-01,2.315627932548522949e-01,6.635861936956644058e-03,-1.507892608642578125e-01,-1.406714618206024170e-01,-2.385439276695251465e-01,8.764679729938507080e-02,-1.489400267601013184e-01,6.137140095233917236e-02,-1.863792240619659424e-01,-3.095277398824691772e-02,-9.980259090662002563e-02,4.595270007848739624e-02,-1.610126644372940063e-01,-2.456119954586029053e-01,-1.559897661209106445e-01
-4.206473752856254578e-02,1.213417202234268188e-01,-2.084720432758331299e-01,1.668501496315002441e-01,2.133097872138023376e-02,-6.211287155747413635e-02,3.679806366562843323e-02,2.074424922466278076e-01,-1.602491289377212524e-01,-6.446907669305801392e-02,-3.603261336684226990e-02,-2.665265202522277832e-01,-2.122721523046493530e-01,-2.329635769128799438e-01,7.103084772825241089e-02,-1.573610007762908936e-01,-4.371681436896324158e-02,5.952295660972595215e-02,2.451045513153076172e-01,-2.270434200763702393e-01,-1.822982728481292725e-01,-6.378827989101409912e-02,2.097120285034179688e-01,-1.093008145689964294e-01,-1.204467564821243286e-01,2.592396438121795654e-01,-1.952285319566726685e-01,1.555254962295293808e-02,-2.072087079286575317e-01,1.476383805274963379e-01,-2.035030573606491089e-01,-7.674842327833175659e-02,7.360078394412994385e-02,1.414791196584701538e-01,1.078939288854598999e-01
-1.445621997117996216e-01,-6.478273868560791016e-02,-1.379041075706481934e-01,-3.291102871298789978e-02,-1.349464207887649536e-01,-1.036160886287689209e-01,-8.582778275012969971e-02,2.529881000518798828e-01,6.220076233148574829e-02,-4.956460744142532349e-02,-9.650345891714096069e-02,2.209217399358749390e-01,-1.209207400679588318e-01,5.218679830431938171e-02,2.634477019309997559e-01,-3.258778946474194527e-03,-3.368695378303527832e-01,-3.302049636840820312e-02,-1.754669249057769775e-01,1.214201450347900391e-01,5.052933841943740845e-02,2.444794327020645142e-01,-1.249796152114868164e-01,-8.683819323778152466e-02,1.910521686077117920e-01,4.658667370676994324e-02,-1.249246373772621155e-01,-1.228236630558967590e-01,2.939833998680114746e-01,-1.820920705795288086e-01,-9.208391606807708740e-02,-1.227180436253547668e-01,1.442341208457946777e-01,-2.075369656085968018e-01,1.512406766414642334e-01
1.898148357868194580e-01,-9.706132113933563232e-02,2.947849407792091370e-02,1.577786356210708618e-01,1.062892824411392212e-01,-1.832447201013565063e-01,-7.785200327634811401e-02,-1.758587807416915894e-01,-2.046165019273757935e-01,4.832077026367187500e-02,-1.141856014728546143e-01,-2.258684784173965454e-01,-1.514911372214555740e-02,1.923520416021347046e-01,2.568218111991882324e-01,-4.210834577679634094e-02,-1.172040700912475586e-01,-2.926948945969343185e-03,-1.794147193431854248e-01,1.437651067972183228e-01,-6.290000677108764648e-02,1.698983460664749146e-01,-5.021107569336891174e-02,-3.019519448280334473e-01,3.653061389923095703e-02,-1.339452713727951050e-01,7.929372787475585938e-02,-4.491962864995002747e-02,1.252672225236892700e-01,2.421276569366455078e-01,-1.545068323612213135e-01,1.753156036138534546e-01,-1.345513463020324707e-01,1.537302732467651367e-01,-1.765082329511642456e-01
-6.988286226987838745e-02,4.019987583160400391e-02,6.664893031120300293e-02,-2.725963667035102844e-02,-1.129194870591163635e-01,2.229575514793395996e-01,4.640988633036613464e-02,4.432329535484313965e-02,1.129650995135307312e-01,-7.564038783311843872e-02,-3.146089985966682434e-02,1.720155924558639526e-01,-4.708998277783393860e-02,9.102940559387207031e-02,2.434511929750442505e-01,2.570636868476867676e-01,-1.857081800699234009e-02,-1.939821541309356689e-01,9.100994467735290527e-02,5.967164877802133560e-03,1.156505867838859558e-01,-3.985755443572998047e-01,5.770042911171913147e-02,1.318655312061309814e-01,-8.630781620740890503e-02,-7.298713922500610352e-02,1.361132264137268066e-01,-6.598688662052154541e-02,1.745241507887840271e-02,-1.439669281244277954e-01,-1.180393714457750320e-02,-1.460372507572174072e-01,1.047853007912635803e-01,1.541478186845779419e-01,-3.006308376789093018e-01
-1.861694753170013428e-01,-8.182405680418014526e-02,-1.132163479924201965e-01,-5.062821879982948303e-02,1.171314343810081482e-01,-1.522822082042694092e-01,3.132688254117965698e-02,-4.604414477944374084e-02,4.863029718399047852e-02,1.872038468718528748e-02,-2.143626958131790161e-01,-1.497049480676651001e-01,8.410007506608963013e-02,1.582931131124496460e-01,1.810957938432693481e-01,-1.626727133989334106e-01,1.415698826313018799e-01,4.088165611028671265e-02,-2.408633232116699219e-01,-1.740154176950454712e-01,-1.750227250158786774e-02,2.789859101176261902e-02,5.054364725947380066e-02,-2.106755971908569336e-02,-8.914700895547866821e-02,-6.623239815235137939e-02,-8.862993121147155762e-02,-7.198794279247522354e-03,-1.479527652263641357e-01,-1.989421993494033813e-01,2.493214607238769531e-02,-6.918039917945861816e-02,-1.901816874742507935e-01,-2.549187242984771729e-01,8.059135824441909790e-02
7.305447757244110107e-02,2.277017682790756226e-01,2.650988399982452393e-01,-2.290470153093338013e-01,-2.371440082788467407e-01,1.181580200791358948e-01,-1.866602003574371338e-01,2.970432043075561523e-01,-1.351777613162994385e-01,-1.081806421279907227e-01,-2.838642708957195282e-02,-1.208634451031684875e-01,1.326827406883239746e-01,-2.430409640073776245e-01,-1.047087982296943665e-01,5.923683196306228638e-02,-1.893687844276428223e-01,-1.155020147562026978e-01,1.587053686380386353e-01,1.856533139944076538e-01,8.186818100512027740e-03,2.079128324985504150e-01,-1.281376928091049194e-01,-1.626062244176864624e-01,1.124686971306800842e-01,2.242255806922912598e-01,-2.870397865772247314e-01,1.411576420068740845e-01,2.238026112318038940e-01,-3.964154981076717377e-03,4.952156171202659607e-02,-2.294097393751144409e-01,-2.139375060796737671e-01,-2.344677746295928955e-01,-1.267755776643753052e-01
-6.651446968317031860e-02,-8.427666127681732178e-02,-1.567600481212139130e-02,-4.213648661971092224e-02,-2.598079666495323181e-02,6.615369021892547607e-02,1.593752801418304443e-01,1.038397923111915588e-01,-9.542770683765411377e-02,1.210584044456481934e-01,2.120015919208526611e-01,1.350132673978805542e-01,7.680496666580438614e-03,6.791854649782180786e-02,2.138330414891242981e-02,-1.014728471636772156e-01,-3.237085416913032532e-02,-1.082035154104232788e-01,-1.950728744268417358e-01,-1.532945632934570312e-01,1.301905810832977295e-01,-2.561469972133636475e-01,-2.217443585395812988e-01,2.727865874767303467e-01,1.423989236354827881e-01,-3.465356677770614624e-02,-2.930616438388824463e-01,-3.140419423580169678e-01,-1.493725031614303589e-01,1.462358050048351288e-02,2.134544700384140015e-01,-5.009511485695838928e-02,-1.445727646350860596e-01,-2.199060982093214989e-03,-2.866246998310089111e-01
1.199813634157180786e-01,4.143991321325302124e-02,-6.394704431295394897e-02,1.072667315602302551e-01,-5.322192609310150146e-02,2.028125971555709839e-01,9.923617355525493622e-03,-1.741452813148498535e-01,2.551619410514831543e-01,-1.405029296875000000e-01,2.343477457761764526e-01,-1.790519244968891144e-02,2.393337488174438477e-01,1.747556030750274658e-01,-1.287303119897842407e-02,2.499969899654388428e-01,1.956545412540435791e-01,2.019216120243072510e-01,1.105217412114143372e-01,2.815020382404327393e-01,2.258435338735580444e-01,9.341485053300857544e-02,-2.237744480371475220e-01,3.067132458090782166e-02,2.232685536146163940e-01,9.156465530395507812e-02,-5.460033193230628967e-02,1.694560348987579346e-01,-1.783861368894577026e-01,-2.448601275682449341e-02,1.650939434766769409e-01,8.100459724664688110e-02,-2.016888707876205444e-01,2.448357790708541870e-01,2.690653800964355469e-01
1.370696574449539185e-01,-9.677675366401672363e-02,-1.283368468284606934e-02,-6.876510381698608398e-02,-1.698321253061294556e-01,-1.535688787698745728e-01,1.993239670991897583e-01,-6.546331942081451416e-02,2.232165783643722534e-01,2.499115616083145142e-01,2.817592322826385498e-01,-4.934723675251007080e-02,1.604477763175964355e-01,2.367863208055496216e-01,4.863980785012245178e-02,-3.054032288491725922e-02,-3.835989162325859070e-02,9.415730834007263184e-02,-1.256035920232534409e-02,-4.813765361905097961e-02,1.987222433090209961e-01,9.154468029737472534e-02,-2.222939282655715942e-01,-1.316935867071151733e-01,-9.792430698871612549e-02,8.982083201408386230e-02,5.459255352616310120e-02,3.891551494598388672e-02,-2.023739516735076904e-01,-1.944392919540405273e-01,1.005669683218002319e-01,-2.868578396737575531e-02,1.190263554453849792e-01,1.680967509746551514e-01,-1.068474818021059036e-02
-2.532398402690887451e-01,3.636978566646575928e-02,2.632231712341308594e-01,8.543501794338226318e-02,-1.444718390703201294e-01,8.168333023786544800e-02,2.301770895719528198e-01,6.870164722204208374e-02,-9.870032221078872681e-02,5.272281542420387268e-02,6.613319367170333862e-02,-4.395745694637298584e-02,1.957442425191402435e-02,-1.470819264650344849e-01,-9.224286675453186035e-02,2.559490203857421875e-01,-2.278998307883739471e-02,-2.958838343620300293e-01,-1.612869463860988617e-02,1.054672896862030029e-01,8.013973385095596313e-02,-2.011179327964782715e-01,1.114683076739311218e-01,3.053534030914306641e-01,2.556767463684082031e-01,-1.782035827636718750e-01,9.701411426067352295e-02,-9.034793078899383545e-02,1.370137035846710205e-01,-1.768359541893005371e-01,-1.619395017623901367e-01,1.381604969501495361e-01,1.378325074911117554e-01,-2.337974756956100464e-01,2.375240176916122437e-01
-2.524693608283996582e-01,-2.394316047430038452e-01,-1.436886340379714966e-01,1.436081528663635254e-01,-3.355653882026672363e-01,-1.014398410916328430e-01,2.293821424245834351e-01,3.016497753560543060e-02,-2.386992424726486206e-02,-3.648959472775459290e-02,8.524429053068161011e-02,-4.780229646712541580e-04,-1.587042585015296936e-02,3.400417789816856384e-02,1.545083224773406982e-01,4.336786270141601562e-02,-3.352906405925750732e-01,1.256712228059768677e-01,2.892995178699493408e-01,-9.651823341846466064e-02,-1.117625311017036438e-01,1.277082413434982300e-01,-3.201209604740142822e-01,6.666065752506256104e-02,1.056514829397201538e-01,2.443742938339710236e-02,-6.484739482402801514e-02,-1.600669771432876587e-01,1.397396028041839600e-01,-2.158990502357482910e-01,2.524998188018798828e-01,-4.565085843205451965e-02,1.938853114843368530e-01,9.209859371185302734e-02,8.793418295681476593e-03
3.344535455107688904e-02,-2.857370972633361816e-01,-3.762030228972434998e-02,-1.403123736381530762e-01,-3.263059258460998535e-01,7.211674004793167114e-02,6.381229311227798462e-02,1.028623133897781372e-01,-1.492742598056793213e-01,2.960270345211029053e-01,-9.686159342527389526e-02,5.310576036572456360e-02,-1.105923354625701904e-01,-2.038896083831787109e-01,6.486706435680389404e-02,4.708812385797500610e-02,1.295129209756851196e-01,-2.475129812955856323e-01,3.272844245657324791e-03,-3.284449875354766846e-02,1.354441791772842407e-01,1.597599387168884277e-01,-9.029553830623626709e-02,-3.272389993071556091e-02,-1.339114457368850708e-01,-6.476339697837829590e-02,-6.668294966220855713e-02,-9.486695379018783569e-02,-1.328627616167068481e-01,5.527390539646148682e-02,-1.854733005166053772e-02,-3.684401139616966248e-02,1.297006011009216309e-01,9.343957901000976562e-02,-7.093655318021774292e-02
1.011157780885696411e-01,2.512649297714233398e-01,4.173235222697257996e-02,6.805899739265441895e-02,-2.450660020112991333e-01,2.320190519094467163e-01,-4.591077193617820740e-02,1.876495480537414551e-01,1.881988346576690674e-01,-1.052912473678588867e-01,1.542907357215881348e-01,-2.130208313465118408e-01,1.764649450778961182e-01,1.259941458702087402e-01,2.621817216277122498e-02,2.407574504613876343e-01,-1.928705424070358276e-01,9.601220488548278809e-02,-5.857370793819427490e-02,-5.490462481975555420e-02,-2.235551737248897552e-02,1.510983705520629883e-01,9.650823473930358887e-02,5.548180639743804932e-02,-5.144906044006347656e-02,1.027556806802749634e-01,2.163516283035278320e-01,8.861865848302841187e-02,-2.098853141069412231e-01,2.379824370145797729e-01,3.709394484758377075e-02,3.283297419548034668e-01,-1.525665223598480225e-01,-5.632194504141807556e-02,1.140281483530998230e-01
-2.771063446998596191e-01,-2.593381106853485107e-01,2.006395012140274048e-01,-5.563849583268165588e-03,-2.738600075244903564e-01,2.480495721101760864e-01,1.325779706239700317e-01,-1.051224619150161743e-01,8.467514067888259888e-03,-1.972904354333877563e-01,-1.406429521739482880e-02,-1.393854767084121704e-01,1.532380133867263794e-01,3.005946986377239227e-02,7.974113523960113525e-02,-1.900679022073745728e-01,3.191098198294639587e-02,-6.979619711637496948e-02,1.175795793533325195e-01,2.215561717748641968e-01,-1.916435658931732178e-01,-1.594641953706741333e-01,4.959315061569213867e-02,-9.363283216953277588e-02,4.829194396734237671e-02,3.187429606914520264e-01,5.999882519245147705e-02,1.621321290731430054e-01,3.087668716907501221e-01,-1.137686148285865784e-01,4.488047957420349121e-02,8.752983063459396362e-02,-1.195864230394363403e-01,-2.096071243286132812e-01,-2.007586359977722168e-01
-5.585787445306777954e-02,2.475642710924148560e-01,1.876919418573379517e-01,4.070080444216728210e-02,-2.140671163797378540e-01,2.092836052179336548e-01,-2.046203166246414185e-01,1.555446982383728027e-01,-6.066187843680381775e-02,2.029640227556228638e-01,-4.510192945599555969e-02,2.846354618668556213e-02,2.067801505327224731e-01,5.932354182004928589e-02,-1.772109568119049072e-01,-1.732152849435806274e-01,1.741822212934494019e-01,8.916764706373214722e-02,-1.954409629106521606e-01,-5.732635036110877991e-03,-9.641409851610660553e-03,-2.582568526268005371e-01,8.496613800525665283e-02,-1.768792979419231415e-02,1.868598014116287231e-01,-6.961370259523391724e-02,-2.347676604986190796e-01,2.050156444311141968e-01,1.461103111505508423e-01,-2.469337582588195801e-01,1.059103757143020630e-01,-2.502766251564025879e-01,1.873107403516769409e-01,-1.371234357357025146e-01,-1.856729686260223389e-01
1.418935954570770264e-01,1.582558453083038330e-01,1.697038114070892334e-02,-4.711730033159255981e-02,6.678620725870132446e-02,1.338513493537902832e-01,-1.709214448928833008e-01,-1.033828854560852051e-01,6.289578974246978760e-02,-7.580188661813735962e-02,-3.482421487569808960e-02,-2.068068236112594604e-01,-2.136053442955017090e-01,2.176445871591567993e-01,-3.181822001934051514e-01,-2.177030255552381277e-04,1.293649524450302124e-01,5.048169195652008057e-02,-7.503695040941238403e-02,2.664627432823181152e-01,-1.683550328016281128e-02,4.445824399590492249e-02,-4.084603488445281982e-02,-3.319084644317626953e-02,1.626777201890945435e-01,2.041402012109756470e-01,-2.624831199645996094e-01,4.361938312649726868e-02,-1.085236594080924988e-01,6.056384649127721786e-03,-2.406333088874816895e-01,1.644135862588882446e-01,-1.046487241983413696e-01,4.098916426301002502e-02,1.140161007642745972e-01
-1.324152946472167969e-01,-1.704378128051757812e-01,-6.504184007644653320e-02,-5.266509950160980225e-02,-3.808600455522537231e-02,-1.597142219543457031e-01,-7.657905668020248413e-02,-6.033687666058540344e-02,-1.786805689334869385e-01,2.290578931570053101e-01,4.309797286987304688e-02,1.723705679178237915e-01,-2.366924434900283813e-01,-6.343430280685424805e-02,-2.151644825935363770e-01,1.912864297628402710e-01,7.701947540044784546e-02,-2.229843437671661377e-01,-2.408747673034667969e-01,1.312176287174224854e-01,2.367273569107055664e-01,1.476090252399444580e-01,7.358668744564056396e-02,-3.520996868610382080e-02,2.175327688455581665e-01,-3.010590933263301849e-02,-1.660113781690597534e-01,-2.320965230464935303e-01,-2.333983331918716431e-01,-2.003425657749176025e-01,-1.372639089822769165e-02,2.377039939165115356e-01,5.557768791913986206e-02,1.837254017591476440e-01,1.743341982364654541e-01
-8.218464255332946777e-02,1.405835151672363281e-01,1.019375696778297424e-01,-1.745537370443344116e-01,2.439075112342834473e-01,-1.268625026568770409e-03,-1.202979758381843567e-01,-9.825158864259719849e-02,1.343522071838378906e-01,-1.866920888423919678e-01,1.053661331534385681e-01,-2.322738990187644958e-02,5.203739926218986511e-02,6.219752132892608643e-02,-2.564151026308536530e-02,1.688428521156311035e-01,-1.717701852321624756e-01,3.194687664508819580e-01,2.957402765750885010e-01,-2.302515357732772827e-01,-9.435341507196426392e-02,6.069130077958106995e-02,1.851081997156143188e-01,-8.345948159694671631e-02,-1.398082226514816284e-01,1.815264299511909485e-02,-2.871157974004745483e-02,-7.543785870075225830e-02,1.735622063279151917e-02,1.080147325992584229e-01,1.554424762725830078e-01,-6.012495979666709900e-02,1.217539831995964050e-01,-2.216102182865142822e-01,2.126437276601791382e-01
2.802810370922088623e-01,-1.254159063100814819e-01,-5.538813397288322449e-02,-2.239012271165847778e-01,2.329162955284118652e-01,1.361719891428947449e-02,-4.487213492393493652e-02,-9.757708013057708740e-02,-1.048594713211059570e-01,8.037590235471725464e-02,1.237722411751747131e-01,1.141531169414520264e-01,5.231508240103721619e-02,-1.188013404607772827e-01,2.038450688123703003e-01,1.810085624456405640e-01,8.285193145275115967e-02,2.466561347246170044e-01,9.501694142818450928e-02,1.729031205177307129e-01,5.547026917338371277e-02,-2.085786014795303345e-01,-2.074315547943115234e-01,-1.243076846003532410e-01,2.165806666016578674e-02,1.461432725191116333e-01,1.228387560695409775e-02,-1.335489898920059204e-01,1.297960579395294189e-01,-1.432894766330718994e-01,-6.992366164922714233e-02,1.671830564737319946e-01,-1.095544025301933289e-01,1.435926556587219238e-01,-1.815027743577957153e-01
-5.774444434791803360e-03,2.251776168122887611e-03,8.566631376743316650e-02,1.264761239290237427e-01,-9.312946349382400513e-02,1.314072757959365845e-01,-1.670847088098526001e-01,8.747384697198867798e-02,8.027845621109008789e-02,1.542551517486572266e-01,1.511187255382537842e-01,4.369238391518592834e-03,1.645882278680801392e-01,7.266293466091156006e-02,-2.785152941942214966e-02,-2.347898185253143311e-01,2.243927419185638428e-01,-3.236031532287597656e-02,-3.665112704038619995e-02,2.399547398090362549e-01,1.600121408700942993e-01,1.375812687911093235e-03,1.918106712400913239e-02,-3.889423012733459473e-01,-2.418502718210220337e-01,-1.163402050733566284e-01,2.224091291427612305e-01,-2.489092797040939331e-01,1.842114329338073730e-01,-7.466338574886322021e-02,-1.329066008329391479e-01,-2.041197866201400757e-01,5.089711770415306091e-02,9.186074137687683105e-03,1.364130526781082153e-01
-9.615778923034667969e-03,-1.887823343276977539e-01,1.256219595670700073e-01,-1.981088966131210327e-01,-2.291128970682621002e-02,1.098296567797660828e-01,8.178702741861343384e-02,4.879591241478919983e-02,3.009356930851936340e-02,4.126011580228805542e-02,-1.511864215135574341e-01,2.185472846031188965e-01,2.145997732877731323e-01,-2.695484757423400879e-01,-1.150930076837539673e-01,2.784980535507202148e-01,-2.404707372188568115e-01,1.347020864486694336e-01,-2.829488925635814667e-02,-1.986768394708633423e-01,-1.001831814646720886e-01,1.615624278783798218e-01,-1.127179060131311417e-02,1.523563861846923828e-01,-2.329239249229431152e-01,-1.943700313568115234e-01,3.326316922903060913e-02,2.410553991794586182e-01,-1.578535437583923340e-01,-2.102080136537551880e-01,2.415128797292709351e-01,-2.341398596763610840e-02,1.954754739999771118e-01,-2.483461201190948486e-01,-1.768339276313781738e-01
-2.376472204923629761e-01,1.367313973605632782e-02,-2.630117535591125488e-01,1.622127145528793335e-01,-1.498756371438503265e-02,-2.326889783143997192e-01,1.823527365922927856e-02,-2.377525120973587036e-01,-9.617980686016380787e-04,1.034548133611679077e-01,2.508642077445983887e-01,-6.282028555870056152e-02,3.009336814284324646e-02,8.815410733222961426e-02,-1.903069466352462769e-01,1.992708295583724976e-01,-2.749523222446441650e-01,6.612816359847784042e-03,1.162968110293149948e-03,1.649680584669113159e-01,1.727403104305267334e-01,-1.706054434180259705e-02,-7.323409616947174072e-02,-1.249476075172424316e-01,-1.960343122482299805e-01,1.142640486359596252e-01,-3.387148380279541016e-01,8.007004857063293457e-02,-1.531046908348798752e-02,1.500331796705722809e-02,-5.727727338671684265e-02,2.593249380588531494e-01,3.097297847270965576e-01,3.145897015929222107e-02,-1.041821762919425964e-01
5.783090740442276001e-02,1.245808377861976624e-01,4.366702213883399963e-02,-1.073583066463470459e-01,-5.670304596424102783e-02,5.846050754189491272e-02,2.172962576150894165e-01,6.124725192785263062e-02,4.560263454914093018e-02,-4.484265297651290894e-02,1.227301135659217834e-01,-1.305467728525400162e-02,-1.588817536830902100e-01,9.112350642681121826e-02,-3.656300902366638184e-02,-6.449148803949356079e-02,2.154714912176132202e-01,-4.407740756869316101e-02,-1.994068473577499390e-01,-1.677852571010589600e-01,1.119652464985847473e-01,6.997875124216079712e-02,-1.235613822937011719e-01,-4.286393895745277405e-02,2.458740025758743286e-01,1.488178968429565430e-01,-1.932204812765121460e-01,1.426349133253097534e-01,-1.542523205280303955e-01,6.865397840738296509e-02,7.110419124364852905e-02,9.008418023586273193e-02,-2.624796926975250244e-01,-7.284568995237350464e-02,4.011826217174530029e-02
-2.346328049898147583e-01,-7.667248696088790894e-02,2.114777415990829468e-01,6.352247297763824463e-02,-1.712972670793533325e-01,4.515863582491874695e-02,-7.241575419902801514e-02,-1.349672395735979080e-02,1.302765756845474243e-01,-2.150749564170837402e-01,-3.207248449325561523e-02,-1.414587944746017456e-01,2.126078158617019653e-01,-2.658032253384590149e-02,7.443259656429290771e-02,7.255472242832183838e-02,2.476678341627120972e-01,-1.860545948147773743e-02,-2.361833006143569946e-01,-1.166273653507232666e-01,-1.467352956533432007e-01,3.156215846538543701e-01,2.941010892391204834e-01,1.425100862979888916e-01,6.329700350761413574e-02,-2.307991087436676025e-01,1.011705026030540466e-01,-1.422360539436340332e-01,-1.588740795850753784e-01,-2.846798300743103027e-01,-6.368140131235122681e-02,-2.289670705795288086e-01,-1.177411004900932312e-01,2.143089324235916138e-01,4.439460113644599915e-02
-7.336776703596115112e-02,-3.243536874651908875e-02,2.565663456916809082e-01,1.758667826652526855e-01,-8.953823149204254150e-02,1.813089847564697266e-01,1.202105432748794556e-01,-5.705361440777778625e-02,-1.007202491164207458e-01,4.441431723535060883e-03,-1.899830847978591919e-01,1.447727680206298828e-01,5.246263742446899414e-02,-5.001898109912872314e-02,1.004527509212493896e-01,-8.633644133806228638e-02,1.583456546068191528e-01,2.273703515529632568e-01,9.884292632341384888e-02,-1.868095695972442627e-01,-2.437160350382328033e-02,1.249553784728050232e-01,-2.536282837390899658e-01,4.195903986692428589e-02,-2.517181634902954102e-01,3.297122418880462646e-01,-2.227937132120132446e-01,-1.153754144906997681e-01,-1.012414544820785522e-01,-9.465049207210540771e-02,-2.184714674949645996e-01,-1.381358504295349121e-01,1.040720939636230469e-01,7.275144010782241821e-02,1.128621920943260193e-01
2.233876734972000122e-01,-1.152981147170066833e-01,9.285311400890350342e-02,-1.074866056442260742e-01,1.174272224307060242e-01,-1.250469088554382324e-01,1.904913410544395447e-02,7.409379631280899048e-02,1.258365511894226074e-01,-1.204904094338417053e-01,8.116775006055831909e-02,1.393465697765350342e-01,1.707685925066471100e-02,1.535793393850326538e-01,3.745912108570337296e-03,-2.367747575044631958e-01,-3.279888629913330078e-01,2.149619758129119873e-01,-1.385534107685089111e-01,6.541154533624649048e-02,6.411949545145034790e-02,-9.655869007110595703e-02,1.454502940177917480e-01,-9.365745633840560913e-02,-8.190739899873733521e-02,-2.341352999210357666e-01,-8.489843457937240601e-02,-1.477166712284088135e-01,1.433625072240829468e-01,-6.458286661654710770e-03,7.111936062574386597e-02,-4.263578355312347412e-02,-5.506399646401405334e-02,-2.117046862840652466e-01,-1.119407117366790771e-01
-1.438364088535308838e-01,2.356119453907012939e-02,1.893887072801589966e-01,2.234131693840026855e-01,-1.290583163499832153e-01,-2.209277004003524780e-01,9.645088762044906616e-02,1.819511651992797852e-01,-1.697465330362319946e-01,1.501586288213729858e-01,4.275129735469818115e-02,1.089984923601150513e-02,2.440364211797714233e-01,2.341305166482925415e-01,-2.841333746910095215e-01,-2.456783652305603027e-01,-1.272785961627960205e-01,1.826116442680358887e-01,-3.447085618972778320e-01,-1.122046783566474915e-01,-3.766595944762229919e-02,3.621646389365196228e-02,-3.252370953559875488e-01,-1.045403257012367249e-01,2.064045965671539307e-01,1.070695556700229645e-02,-9.508721530437469482e-03,-3.163463622331619263e-02,1.005007028579711914e-01,-1.112402155995368958e-01,-2.573954500257968903e-02,-9.508339315652847290e-02,1.193455383181571960e-01,-1.875716298818588257e-01,-2.202794700860977173e-01
-2.002962827682495117e-01,-2.265921384096145630e-01,-6.328178197145462036e-02,-1.868355721235275269e-01,6.343889236450195312e-02,-2.020602375268936157e-01,1.614140868186950684e-01,-1.976747661828994751e-01,1.186048686504364014e-01,1.168939992785453796e-01,-8.970568329095840454e-02,-8.606784045696258545e-02,-3.987104073166847229e-02,-2.789592146873474121e-01,2.107790261507034302e-01,4.240510240197181702e-02,2.515863068401813507e-02,1.492809355258941650e-01,1.023855656385421753e-01,2.473578089848160744e-03,-1.367418467998504639e-01,-3.135016858577728271e-01,-2.103756070137023926e-01,-9.995603561401367188e-02,9.525294601917266846e-02,-4.991993680596351624e-02,4.166708141565322876e-02,3.705129399895668030e-02,2.157020568847656250e-01,6.462723016738891602e-02,-2.199200540781021118e-02,-2.800264768302440643e-02,4.746786504983901978e-02,2.134495973587036133e-02,2.193753235042095184e-02
8.895105868577957153e-02,-1.490003019571304321e-01,2.429651170969009399e-01,-2.751766517758369446e-02,-2.483774721622467041e-01,-1.422174423933029175e-01,2.676400542259216309e-01,-4.210573807358741760e-02,-2.529836595058441162e-01,1.243619918823242188e-01,-2.199102938175201416e-01,-1.220964416861534119e-01,1.810570210218429565e-01,-6.649462133646011353e-02,-1.418234109878540039e-01,2.555563747882843018e-01,1.120640560984611511e-01,6.479498744010925293e-02,-2.274999469518661499e-01,1.297280788421630859e-01,7.201082259416580200e-02,-1.620995998382568359e-01,1.563228219747543335e-01,-7.901136577129364014e-02,-1.551770269870758057e-01,6.011442467570304871e-02,-1.346537023782730103e-01,-2.627097368240356445e-01,4.004857316613197327e-02,-1.704678535461425781e-01,-1.316438019275665283e-01,-8.563131093978881836e-02,-2.489033937454223633e-01,-1.231218799948692322e-01,1.261418871581554413e-02
-1.695850677788257599e-02,7.680959254503250122e-02,-2.571024298667907715e-01,-1.526036262512207031e-01,-8.725199848413467407e-02,1.623893678188323975e-01,-5.324441939592361450e-02,1.459008157253265381e-01,4.780681803822517395e-02,-1.517494022846221924e-01,8.932100981473922729e-02,9.188278764486312866e-02,1.195788756012916565e-01,-3.307854756712913513e-02,9.405064582824707031e-02,1.597346216440200806e-01,-3.008469939231872559e-01,-1.321448385715484619e-01,-1.107664778828620911e-01,1.613144278526306152e-01,-6.736642122268676758e-02,1.386181712150573730e-01,4.126477142563089728e-05,2.901463583111763000e-02,7.654722779989242554e-02,2.074639052152633667e-01,2.299915999174118042e-02,1.440856605768203735e-01,1.594942361116409302e-01,-5.851175636053085327e-02,-2.146474570035934448e-01,-1.049773171544075012e-01,-9.544807672500610352e-02,1.548614948987960815e-01,1.856093257665634155e-01
-2.718056924641132355e-02,1.788618415594100952e-01,2.413669228553771973e-01,-5.570072680711746216e-02,8.398269116878509521e-02,-4.802374169230461121e-02,2.188563197851181030e-01,4.844816029071807861e-02,-2.860971987247467041e-01,4.614340141415596008e-02,-1.524668186902999878e-01,-2.587582468986511230e-01,1.344351284205913544e-02,1.536981612443923950e-01,-1.387195736169815063e-01,-1.237246692180633545e-01,-5.056368187069892883e-02,1.844351142644882202e-01,-1.126317009329795837e-01,4.337167367339134216e-02,1.335253864526748657e-01,1.767514497041702271e-01,-2.578622661530971527e-02,1.636416912078857422e-01,-1.580177545547485352e-01,9.885080903768539429e-02,-1.264678835868835449e-01,-2.339542806148529053e-01,-5.175256356596946716e-02,-1.621574610471725464e-01,9.654534608125686646e-02,6.000816449522972107e-02,-2.282505631446838379e-01,1.278263181447982788e-01,7.579903304576873779e-02
-1.887077838182449341e-01,1.819543987512588501e-01,-3.176557598635554314e-03,2.636913955211639404e-01,2.059694677591323853e-01,1.611171662807464600e-01,-2.095202654600143433e-01,9.104306250810623169e-02,-1.257291287183761597e-01,2.431207597255706787e-01,-1.351016610860824585e-01,-2.412165701389312744e-01,-1.214018538594245911e-01,-2.997264862060546875e-01,-4.395567998290061951e-02,-1.153983548283576965e-01,-2.020373493432998657e-01,1.994902044534683228e-01,8.936073631048202515e-02,4.399523604661226273e-03,-1.551587283611297607e-01,1.105648428201675415e-01,2.060016542673110962e-01,-1.646714210510253906e-01,-3.825177624821662903e-02,-4.095438402146100998e-03,8.104328066110610962e-02,3.355304896831512451e-02,1.742305755615234375e-01,-7.607824355363845825e-02,1.436619311571121216e-01,-9.466312825679779053e-02,-7.444866932928562164e-03,3.056834451854228973e-02,-1.837243288755416870e-01
-1.512904763221740723e-01,1.946551203727722168e-01,1.077861860394477844e-01,-2.184524089097976685e-01,-1.969318985939025879e-01,9.780328720808029175e-02,1.052218228578567505e-01,-1.564758718013763428e-01,1.702527999877929688e-01,-1.347808092832565308e-01,-1.043398082256317139e-01,8.530876785516738892e-02,1.100458428263664246e-01,-2.006442397832870483e-01,2.641564309597015381e-01,2.100014090538024902e-01,1.109573990106582642e-01,-3.005613982677459717e-01,1.039214208722114563e-01,-5.313666164875030518e-02,-1.422349810600280762e-01,7.056850939989089966e-02,1.039838194847106934e-01,-9.937493596225976944e-04,-2.355041205883026123e-01,2.707730829715728760e-01,9.251072257757186890e-02,-1.160926148295402527e-01,1.257521659135818481e-01,1.811859905719757080e-01,-1.979779601097106934e-01,-1.033919304609298706e-01,-3.420928716659545898e-01,-3.327940031886100769e-02,-1.221084892749786377e-01
